<?xml version="1.0" encoding="UTF-8"?>
<project version="4">
  <component name="JmixDataStoreSettingsManager">
    <moduleSettings>
      <entry key="backend-app.main">
        <ModuleSettings>
          <option name="dataStoreOptionsV2">
            <map>
              <entry key="main">
                <value>
                  <DataStoreSettingsV2 />
                </value>
              </entry>
            </map>
          </option>
        </ModuleSettings>
      </entry>
      <entry key="com.company.backend-app.main">
        <ModuleSettings>
          <option name="dataStoreOptionsV2">
            <map>
              <entry key="main">
                <value>
                  <DataStoreSettingsV2>
                    <option name="supportedTypes">
                      <option value="hsql" />
                    </option>
                  </DataStoreSettingsV2>
                </value>
              </entry>
            </map>
          </option>
        </ModuleSettings>
      </entry>
      <entry key="com.company.frontend-app.main">
        <ModuleSettings>
          <option name="dataStoreOptionsV2">
            <map>
              <entry key="main">
                <value>
                  <DataStoreSettingsV2 />
                </value>
              </entry>
            </map>
          </option>
        </ModuleSettings>
      </entry>
      <entry key="frontend-app.main">
        <ModuleSettings>
          <option name="dataStoreOptionsV2">
            <map>
              <entry key="main">
                <value>
                  <DataStoreSettingsV2 />
                </value>
              </entry>
            </map>
          </option>
        </ModuleSettings>
      </entry>
    </moduleSettings>
  </component>
</project>