<?xml version="1.0" encoding="UTF-8" standalone="no"?>
<menu-config xmlns="http://jmix.io/schema/flowui/menu">

    <menu id="application" title="msg://com.company.frontend/menu.application.title" opened="true">
        <item view="MyOnboardingView" title="msg://com.company.frontend.view.myonboarding/myOnboardingView.title"/>
        <item view="User.list" title="msg://com.company.frontend.view.user/UserListView.title"/>
        <item view="Step.list" title="msg://com.company.frontend.view.step/stepListView.title"/>
        <item view="Department.list" title="msg://com.company.frontend.view.department/departmentListView.title"/>
        <item view="Contract.list" title="msg://com.company.frontend.view.contract/contractListView.title"/>
        <item view="ContractProvider.list"
              title="msg://com.company.frontend.view.contractprovider/contractProviderListView.title"/>
    </menu>
    <menu id="security" title="msg://com.company.frontend/menu.security.title">
        <item view="sec_ResourceRoleModel.list"
              title="msg://io.jmix.securityflowui.view.resourcerole/resourceRoleModelListView.menu"/>
        <item view="sec_RowLevelRoleModel.list"
              title="msg://io.jmix.securityflowui.view.rowlevelrole/rowLevelRoleModelListView.menu"/>
    </menu>

</menu-config>